{"cameraMode":{"drawMode":0,"name":"Shaded","section":"Shading Mode"},"sceneLighting":true,"audioPlay":false,"sceneViewState":{"showFog":true,"showMaterialUpdate":false,"showSkybox":true,"showFlares":true,"showImageEffects":true,"showParticleSystems":true},"in2DMode":false,"pivot":{"x":0.42256808280944826,"y":0.6326103210449219,"z":1.6084637641906739},"rotation":{"x":0.08577915281057358,"y":0.6734845042228699,"z":-0.07917580008506775,"w":0.7299258708953857},"size":20.005186080932618,"orthographic":true}