{"cameraMode":{"drawMode":0,"name":"Shaded","section":"Shading Mode"},"sceneLighting":false,"audioPlay":false,"sceneViewState":{"showFog":true,"showMaterialUpdate":false,"showSkybox":true,"showFlares":true,"showImageEffects":true,"showParticleSystems":true},"in2DMode":false,"pivot":{"x":4.309003829956055,"y":0.7512780427932739,"z":4.21999979019165},"rotation":{"x":0.08577915281057358,"y":0.6734845042228699,"z":-0.07917580008506775,"w":0.7299258708953857},"size":4.952691555023193,"orthographic":true}