{"cameraMode":{"drawMode":0,"name":"Shaded","section":"Shading Mode"},"sceneLighting":false,"audioPlay":false,"sceneViewState":{"showFog":true,"showMaterialUpdate":false,"showSkybox":true,"showFlares":true,"showImageEffects":true,"showParticleSystems":true},"in2DMode":false,"pivot":{"x":5.139999866485596,"y":0.6680706143379211,"z":4.190000057220459},"rotation":{"x":0.18861226737499238,"y":-0.22489778697490693,"z":0.04439827799797058,"w":0.9549216032028198},"size":4.070506572723389,"orthographic":true}