{"cameraMode":{"drawMode":0,"name":"Shaded","section":"Shading Mode"},"sceneLighting":true,"audioPlay":false,"sceneViewState":{"showFog":true,"showMaterialUpdate":false,"showSkybox":true,"showFlares":true,"showImageEffects":true,"showParticleSystems":true},"in2DMode":false,"pivot":{"x":4.922626495361328,"y":1.0341424942016602,"z":1.4530470371246338},"rotation":{"x":0.18861226737499238,"y":-0.22489778697490693,"z":0.04439827799797058,"w":0.9549216032028198},"size":6.377744674682617,"orthographic":true}